First Name,Last Name,Age
Aditi ,Mishra,35
Sona,Singh,35
Devi,Thakur,36
Anjali,Kaur,42
Sahil,Deshmukh,29
Adhira,Das,42
Divya,Bhatt,42
Amar,Rao,52
Jaya,Mehta,28
Candy,Patel,35
Sudhir,Mishra,35
Raghav,Verma,28
Amitabh,Joshi,36
Kanak,Patel,45
Tulsi,Acharya,40
Jasleen,Kaur,50
Nil,Kumar,44
Anand,Yadav,28
Atharva,Das,29
Charu,Patil,26
Ajay,Shah,35
Jai,Patil,36
Ishaan ,Sharma,35
Dhruva,Yadav,42
Artha,Sharma,31
Shaila,Gupta,51
Inaya,Kumari,52
Darsh,Kulkarni,41
Mihir,Shah,30
Agastya,Joshi,50
Shaan,Pandey,37
Navi ,Gupta,51
Ambar,Khatri,36
Lata ,Agarwal,28
Anaya,Agarwal,25
